ratingId,restID,customerID,cost,Food,Service,parking,waiting,overall,,
1,160,131,4,5,4,4,4,4.20,,
2,225,125,3,5,3,3,4,3.60,,
3,321,96,4,3,3,4,4,3.60,,
4,450,152,3,3,3,5,4,3.60,,
5,481,326,4,5,5,4,4,4.40,,
6,326,314,4,4,4,4,4,4.00,,
7,377,96,4,4,4,3,4,3.80,,
8,55,142,3,3,3,3,3,3.00,,
9,111,4,5,5,5,5,4,4.80,,
10,22,366,4,4,5,4,4,4.20,,
11,334,186,4,4,4,4,4,4.00,,
12,212,234,4,4,4,4,4,4.00,,
13,118,254,5,5,5,5,4,4.80,,
14,380,50,5,5,5,4,4,4.60,,
15,339,274,4,5,5,4,4,4.40,,
16,366,56,5,5,5,3,4,4.40,,
17,456,29,4,4,5,5,4,4.40,,
18,12,80,4,5,4,4,4,4.20,,
19,304,91,4,5,3,4,4,4.00,,
20,155,108,4,3,4,4,4,3.80,,
21,333,109,4,4,4,3,4,3.80,,
22,85,318,4,4,3,4,4,3.80,,
23,412,285,3,3,4,5,4,3.80,,
24,193,352,4,3,3,4,4,3.60,,
25,442,207,4,3,3,3,4,3.40,,
26,243,101,3,3,3,4,3,3.20,,
27,482,130,3,3,3,3,3,3.00,,
28,439,119,5,5,5,4,4,4.60,,
29,51,329,4,5,4,4,4,4.20,,
30,86,241,4,3,5,4,4,4.00,,
31,487,133,3,3,3,3,3,3.00,,
32,158,53,5,5,5,5,4,4.80,,
33,30,324,5,5,5,4,4,4.60,,
34,163,241,5,4,4,3,4,4.00,,
35,138,393,4,5,4,3,4,4.00,,
36,455,228,4,5,3,4,4,4.00,,
37,7,202,3,3,3,4,3,3.20,,
38,340,95,4,5,4,4,4,4.20,,
39,257,166,4,4,4,4,4,4.00,,
40,180,66,4,4,4,3,4,3.80,,
41,317,14,3,5,3,3,4,3.60,,
42,267,290,3,3,3,3,3,3.00,,
43,264,230,5,5,5,5,4,4.80,,
44,272,392,5,5,4,4,4,4.40,,
45,492,344,4,5,4,5,4,4.40,,
46,326,168,4,4,4,4,4,4.00,,
47,28,282,3,3,3,3,3,3.00,,
48,4,157,3,3,3,3,3,3.00,,
49,420,75,4,5,4,4,4,4.20,,
50,471,354,4,3,4,4,4,3.80,,
51,186,2,4,4,4,3,4,3.80,,
52,347,167,3,3,3,3,3,3.00,,
53,246,60,3,3,3,3,3,3.00,,
54,42,266,5,5,5,4,4,4.60,,
55,97,138,5,5,5,4,4,4.60,,
56,199,69,4,5,4,4,4,4.20,,
57,490,194,4,4,4,4,4,4.00,,
58,299,313,4,4,3,3,4,3.60,,
59,246,280,3,3,3,3,3,3.00,,
60,432,170,5,5,5,5,4,4.80,,
61,209,200,5,5,4,4,4,4.40,,
62,103,202,4,3,4,4,4,3.80,,
63,49,313,3,3,3,4,3,3.20,,
64,36,44,5,5,5,3,4,4.40,,
65,381,46,4,4,4,5,4,4.20,,
66,167,103,4,5,3,5,4,4.20,,
67,22,185,4,4,4,3,4,3.80,,
68,49,296,4,4,4,3,4,3.80,,
69,39,44,4,3,4,3,4,3.60,,
70,496,150,4,4,4,4,4,4.00,,
71,250,394,3,3,3,5,4,3.60,,
72,175,120,3,3,3,5,4,3.60,,
73,171,23,3,3,3,3,3,3.00,,
74,213,53,5,5,5,4,4,4.60,,
75,317,296,5,5,5,4,4,4.60,,
76,374,266,5,5,4,5,4,4.60,,
77,495,241,4,4,3,4,4,3.80,,
78,344,317,3,2,2,3,3,2.60,,
79,438,145,4,3,5,5,4,4.20,,
80,288,338,4,5,4,3,4,4.00,,
81,164,115,4,4,4,3,4,3.80,,
82,136,178,3,3,3,5,4,3.60,,
83,330,4,3,3,3,3,3,3.00,,
84,274,247,3,3,3,3,3,3.00,,
85,87,175,5,5,5,3,4,4.40,,
86,284,140,4,4,5,3,4,4.00,,
87,79,252,4,4,4,3,4,3.80,,
88,198,263,3,3,3,4,3,3.20,,
89,458,87,3,3,3,3,3,3.00,,
90,294,165,5,5,4,4,4,4.40,,
91,29,298,4,5,4,4,4,4.20,,
92,101,321,4,5,5,3,4,4.20,,
93,196,195,4,5,4,4,4,4.20,,
94,254,138,5,5,5,4,4,4.60,,
95,32,152,4,4,4,5,4,4.20,,
96,276,217,3,3,3,4,3,3.20,,
97,341,323,5,4,5,4,4,4.40,,
98,180,399,4,5,4,4,4,4.20,,
99,250,328,3,5,3,3,4,3.60,,
100,126,174,3,3,4,3,3,3.20,,
101,227,21,5,5,4,3,4,4.20,,
102,396,416,4,4,4,3,4,3.80,,
103,304,234,4,4,3,3,4,3.60,,
104,77,295,3,3,3,3,3,3.00,,
105,443,129,5,5,5,4,4,4.60,,
106,242,271,5,5,4,4,4,4.40,,
107,32,34,3,3,3,3,3,3.00,,
108,497,281,5,5,5,5,4,4.80,,
109,331,135,5,5,4,5,4,4.60,,
110,254,27,5,5,5,4,4,4.60,,
111,388,275,5,5,5,4,4,4.60,,
112,337,300,5,5,4,4,4,4.40,,
113,446,202,5,5,5,3,4,4.40,,
114,72,338,4,5,4,5,4,4.40,,
115,25,313,4,3,4,5,4,4.00,,
116,355,304,4,4,4,4,4,4.00,,
117,418,132,4,4,4,4,4,4.00,,
118,197,65,4,3,4,3,4,3.60,,
119,353,174,3,3,3,3,3,3.00,,
120,112,403,5,5,4,4,4,4.40,,
121,500,146,4,5,5,3,4,4.20,,
122,469,94,4,4,4,4,4,4.00,,
123,115,391,4,4,4,4,4,4.00,,
124,474,116,3,3,5,3,4,3.60,,
125,28,241,3,4,4,3,3,3.40,,
126,307,116,3,3,3,4,3,3.20,,
127,18,407,3,3,3,3,3,3.00,,
128,273,336,5,5,5,5,4,4.80,,
129,290,60,5,5,5,4,4,4.60,,
130,364,359,5,5,5,4,4,4.60,,
131,444,178,5,4,5,4,4,4.40,,
132,81,109,4,4,4,5,4,4.20,,
133,264,109,4,5,4,4,4,4.20,,
134,326,271,4,4,4,4,4,4.00,,
135,459,233,4,4,4,3,4,3.80,,
136,93,403,4,4,3,4,4,3.80,,
137,429,168,3,3,3,4,3,3.20,,
138,370,67,5,5,4,5,4,4.60,,
139,227,171,4,5,4,4,4,4.20,,
140,195,270,4,5,4,3,4,4.00,,
141,44,104,4,4,4,4,4,4.00,,
142,227,64,4,4,4,3,4,3.80,,
143,154,296,3,3,3,5,4,3.60,,
144,96,185,3,5,3,3,4,3.60,,
145,122,316,3,3,3,4,3,3.20,,
146,79,406,5,5,5,5,4,4.80,,
147,176,295,5,5,5,5,4,4.80,,
148,463,213,5,4,5,5,4,4.60,,
149,53,192,5,5,5,3,4,4.40,,
150,288,248,5,5,5,3,4,4.40,,
151,372,391,5,5,5,3,4,4.40,,
152,67,61,5,5,4,4,4,4.40,,
153,258,44,4,5,4,4,4,4.20,,
154,68,356,4,4,4,5,4,4.20,,
155,40,52,4,5,4,3,4,4.00,,
156,279,232,5,4,4,3,4,4.00,,
157,351,193,3,3,3,4,3,3.20,,
158,476,195,3,3,3,3,3,3.00,,
159,328,350,5,5,5,5,4,4.80,,
160,446,25,5,5,5,5,4,4.80,,
161,476,363,5,5,5,4,4,4.60,,
162,343,362,5,5,4,4,4,4.40,,
163,131,258,4,5,4,4,4,4.20,,
164,344,37,4,5,4,4,4,4.20,,
165,81,95,4,4,3,3,4,3.60,,
166,338,371,3,3,4,4,3,3.40,,
167,293,220,5,5,5,5,4,4.80,,
168,135,182,5,5,5,5,4,4.80,,
169,182,101,5,5,5,3,4,4.40,,
170,96,366,4,5,4,3,4,4.00,,
171,253,69,3,3,3,5,4,3.60,,
172,67,22,3,3,3,3,3,3.00,,
173,321,153,5,5,5,4,4,4.60,,
174,499,389,5,5,5,4,4,4.60,,
175,203,328,5,5,5,4,4,4.60,,
176,230,352,5,5,5,4,4,4.60,,
177,469,289,5,5,4,4,4,4.40,,
178,233,348,5,5,5,3,4,4.40,,
179,330,84,5,5,4,3,4,4.20,,
180,240,229,4,5,4,4,4,4.20,,
181,188,361,4,4,4,3,4,3.80,,
182,38,91,3,3,3,3,3,3.00,,
183,133,172,5,4,5,4,4,4.40,,
184,356,192,4,5,5,4,4,4.40,,
185,66,392,5,4,5,3,4,4.20,,
186,490,73,4,4,4,4,4,4.00,,
187,135,7,5,5,5,5,4,4.80,,
188,352,46,5,5,5,5,4,4.80,,
189,307,1,5,5,5,5,4,4.80,,
190,254,121,5,5,5,5,4,4.80,,
191,451,214,5,5,5,5,4,4.80,,
192,401,335,5,5,5,4,4,4.60,,
193,112,114,5,5,5,4,4,4.60,,
194,64,32,5,5,5,4,4,4.60,,
195,424,111,5,5,4,5,4,4.60,,
196,391,167,5,5,4,4,4,4.40,,
197,160,38,5,5,4,4,4,4.40,,
198,55,143,5,4,4,5,4,4.40,,
199,443,138,4,5,4,5,4,4.40,,
200,456,49,5,5,5,3,4,4.40,,
201,293,53,5,5,3,4,4,4.20,,
202,261,21,4,5,4,4,4,4.20,,
203,388,188,4,4,4,4,4,4.00,,
204,480,108,5,4,4,3,4,4.00,,
205,96,113,4,5,3,4,4,4.00,,
206,333,41,3,4,4,5,4,4.00,,
207,152,328,4,4,4,4,4,4.00,,
208,361,93,4,5,4,3,4,4.00,,
209,246,115,4,4,3,4,4,3.80,,
210,141,211,4,4,3,4,4,3.80,,
211,62,14,4,4,3,3,4,3.60,,
212,218,88,4,4,3,3,4,3.60,,
213,294,84,4,3,4,3,4,3.60,,
214,402,164,3,3,3,3,3,3.00,,
215,461,382,3,3,3,3,3,3.00,,
216,111,281,3,3,3,3,3,3.00,,
217,84,360,3,3,3,3,3,3.00,,
218,359,401,3,3,3,3,3,3.00,,
219,490,8,5,5,5,5,4,4.80,,
220,50,324,5,5,5,4,4,4.60,,
221,386,219,5,5,5,3,4,4.40,,
222,173,342,3,5,5,5,4,4.40,,
223,231,262,5,5,4,3,4,4.20,,
224,485,378,4,4,4,4,4,4.00,,
225,78,269,4,4,3,4,4,3.80,,
226,303,41,4,4,4,3,4,3.80,,
227,360,189,3,4,3,3,3,3.20,,
228,436,93,3,3,3,3,3,3.00,,
229,192,389,3,3,3,3,3,3.00,,
230,299,66,3,3,3,3,3,3.00,,
231,103,396,5,5,5,4,4,4.60,,
232,36,83,5,5,5,4,4,4.60,,
233,46,141,5,5,5,4,4,4.60,,
234,27,230,5,5,4,4,4,4.40,,
235,384,63,4,5,5,4,4,4.40,,
236,278,6,5,5,5,3,4,4.40,,
237,103,376,4,5,4,4,4,4.20,,
238,315,19,4,4,4,5,4,4.20,,
239,73,127,4,5,4,4,4,4.20,,
240,379,216,3,5,4,5,4,4.20,,
241,59,375,5,4,4,4,4,4.20,,
242,51,100,5,4,4,4,4,4.20,,
243,127,194,4,4,4,4,4,4.00,,
244,182,285,4,4,4,4,4,4.00,,
245,3,173,4,4,4,4,4,4.00,,
246,37,33,4,5,4,3,4,4.00,,
247,495,265,4,4,3,4,4,3.80,,
248,98,220,3,3,3,5,4,3.60,,
249,116,282,4,3,4,3,4,3.60,,
250,47,2,4,3,3,3,4,3.40,,
251,227,315,3,4,3,3,3,3.20,,
252,163,193,3,3,3,4,3,3.20,,
253,211,389,3,3,3,3,3,3.00,,
254,68,19,3,3,3,3,3,3.00,,
255,432,382,3,3,3,3,3,3.00,,
256,335,114,5,5,4,5,4,4.60,,
257,386,98,4,3,5,4,4,4.00,,
258,225,158,4,4,4,3,4,3.80,,
259,141,368,3,3,3,5,4,3.60,,
260,227,259,3,3,3,3,3,3.00,,
261,317,64,5,5,5,5,4,4.80,,
262,64,150,5,5,5,3,4,4.40,,
263,328,369,5,5,4,3,4,4.20,,
264,6,90,4,4,4,4,4,4.00,,
265,166,244,3,3,3,3,3,3.00,,
266,99,103,5,5,5,4,4,4.60,,
267,225,196,5,5,3,5,4,4.40,,
268,4,191,4,4,4,5,4,4.20,,
269,109,97,5,4,4,3,4,4.00,,
270,171,63,3,5,3,3,4,3.60,,
271,404,107,3,3,3,3,3,3.00,,
272,266,147,5,5,5,3,4,4.40,,
273,280,10,5,5,4,3,4,4.20,,
274,59,222,4,4,4,4,4,4.00,,
275,231,153,4,3,5,4,4,4.00,,
276,367,330,4,4,4,3,4,3.80,,
277,202,387,5,4,3,3,4,3.80,,
278,477,198,4,3,3,3,4,3.40,,
279,169,179,5,5,5,4,4,4.60,,
280,449,131,5,5,4,4,4,4.40,,
281,332,225,5,5,5,3,4,4.40,,
282,362,337,4,5,5,3,4,4.20,,
283,218,58,4,5,3,4,4,4.00,,
284,334,258,3,3,3,3,3,3.00,,
285,215,169,5,5,5,5,4,4.80,,
286,453,357,5,5,5,5,4,4.80,,
287,187,53,4,5,5,5,4,4.60,,
288,488,305,5,5,5,3,4,4.40,,
289,450,99,4,5,4,3,4,4.00,,
290,137,27,4,4,3,4,4,3.80,,
291,492,362,4,3,4,4,4,3.80,,
292,129,1,4,4,4,3,4,3.80,,
293,330,78,4,4,3,3,4,3.60,,
294,256,179,3,4,4,3,3,3.40,,
295,161,391,3,4,3,4,3,3.40,,
296,374,346,3,4,3,3,3,3.20,,
297,169,170,3,3,3,3,3,3.00,,
298,186,19,3,3,3,3,3,3.00,,
299,371,58,4,5,4,5,4,4.40,,
300,194,155,5,5,3,5,4,4.40,,
301,337,102,4,4,4,5,4,4.20,,
302,148,31,3,5,4,4,4,4.00,,
303,371,319,3,3,3,3,3,3.00,,
304,281,179,5,5,5,5,4,4.80,,
305,48,105,5,5,4,5,4,4.60,,
306,459,286,4,4,5,5,4,4.40,,
307,335,310,4,5,5,4,4,4.40,,
308,283,334,5,5,4,4,4,4.40,,
309,68,46,4,4,4,4,4,4.00,,
310,189,158,4,4,4,3,4,3.80,,
311,250,134,5,5,5,5,4,4.80,,
312,66,295,5,5,5,5,4,4.80,,
313,18,189,5,5,5,5,4,4.80,,
314,463,416,5,5,5,5,4,4.80,,
315,262,85,5,5,5,4,4,4.60,,
316,410,119,5,5,5,4,4,4.60,,
317,79,186,5,5,5,4,4,4.60,,
318,390,170,4,5,5,4,4,4.40,,
319,221,384,5,4,5,4,4,4.40,,
320,248,7,5,5,5,3,4,4.40,,
321,196,1,4,5,5,4,4,4.40,,
322,124,159,5,5,5,3,4,4.40,,
323,8,256,4,4,4,4,4,4.00,,
324,170,84,4,4,4,4,4,4.00,,
325,99,351,3,3,3,5,4,3.60,,
326,108,123,4,3,3,3,4,3.40,,
327,417,278,3,3,3,3,3,3.00,,
328,285,393,3,3,3,3,3,3.00,,
329,169,92,5,5,4,4,4,4.40,,
330,15,339,5,5,5,3,4,4.40,,
331,403,195,5,4,5,3,4,4.20,,
332,346,147,4,4,4,4,4,4.00,,
333,477,34,3,4,4,3,3,3.40,,
334,146,380,5,5,5,4,4,4.60,,
335,45,294,5,5,4,4,4,4.40,,
336,221,195,4,5,4,5,4,4.40,,
337,392,123,4,4,4,4,4,4.00,,
338,307,384,4,4,5,3,4,4.00,,
339,36,242,3,3,3,4,3,3.20,,
340,467,361,5,5,3,4,4,4.20,,
341,121,371,4,4,4,4,4,4.00,,
342,111,353,3,5,3,3,4,3.60,,
343,9,254,3,3,4,4,3,3.40,,
344,392,191,3,3,3,4,3,3.20,,
345,146,318,4,5,5,5,4,4.60,,
346,147,93,5,5,4,4,4,4.40,,
347,418,376,3,5,5,5,4,4.40,,
348,378,135,5,5,5,3,4,4.40,,
349,251,343,4,4,4,4,4,4.00,,
350,56,227,4,4,4,4,4,4.00,,
351,166,212,4,4,5,3,4,4.00,,
352,55,149,4,4,4,4,4,4.00,,
353,309,84,4,4,4,3,4,3.80,,
354,122,342,4,4,4,3,4,3.80,,
355,119,228,3,3,3,4,3,3.20,,
356,470,78,3,3,3,3,3,3.00,,
357,339,133,5,5,5,5,4,4.80,,
358,144,226,5,5,4,5,4,4.60,,
359,433,340,5,5,5,4,4,4.60,,
360,92,88,4,5,5,4,4,4.40,,
361,485,94,4,4,4,4,4,4.00,,
362,244,89,4,4,4,3,4,3.80,,
363,186,310,3,3,3,3,3,3.00,,
364,71,183,3,3,3,3,3,3.00,,
365,29,316,4,4,5,3,4,4.00,,
366,174,86,4,4,4,3,4,3.80,,
367,209,225,4,4,4,3,4,3.80,,
368,266,37,3,3,3,3,3,3.00,,
369,288,201,5,5,5,5,4,4.80,,
370,132,48,5,5,5,4,4,4.60,,
371,71,9,5,5,5,4,4,4.60,,
372,14,264,4,4,4,4,4,4.00,,
373,474,9,3,3,3,4,3,3.20,,
374,249,141,3,3,3,3,3,3.00,,
375,9,394,4,4,4,3,4,3.80,,
376,217,109,4,4,4,3,4,3.80,,
377,312,333,4,4,3,4,4,3.80,,
378,291,172,3,3,3,5,4,3.60,,
379,197,190,3,3,3,4,3,3.20,,
380,193,222,5,5,5,4,4,4.60,,
381,434,201,5,5,4,5,4,4.60,,
382,198,292,5,5,4,4,4,4.40,,
383,190,409,5,4,5,4,4,4.40,,
384,470,348,4,5,4,5,4,4.40,,
385,324,292,5,5,4,4,4,4.40,,
386,415,188,5,4,4,4,4,4.20,,
387,104,331,4,4,4,5,4,4.20,,
388,23,290,4,4,4,4,4,4.00,,
389,119,186,5,4,4,3,4,4.00,,
390,83,180,4,4,4,4,4,4.00,,
391,294,170,4,4,4,4,4,4.00,,
392,110,373,4,5,4,3,4,4.00,,
393,105,71,4,3,3,5,4,3.80,,
394,451,101,3,3,3,3,3,3.00,,
395,285,262,3,3,3,3,3,3.00,,
396,233,391,3,3,3,3,3,3.00,,
397,465,341,5,5,5,4,4,4.60,,
398,227,400,5,5,5,4,4,4.60,,
399,283,395,5,5,5,3,4,4.40,,
400,452,110,5,4,5,3,4,4.20,,
401,110,392,5,4,5,3,4,4.20,,
402,232,142,4,4,4,4,4,4.00,,
403,43,357,5,5,5,3,4,4.40,,
404,250,227,4,4,5,4,4,4.20,,
405,245,356,4,5,4,4,4,4.20,,
406,215,114,4,4,4,4,4,4.00,,
407,250,407,3,3,3,3,3,3.00,,
408,229,200,5,5,4,4,4,4.40,,
409,175,131,5,3,4,5,4,4.20,,
410,460,78,4,4,4,4,4,4.00,,
411,435,161,4,4,4,4,4,4.00,,
412,362,175,5,5,5,3,4,4.40,,
413,83,304,5,5,5,3,4,4.40,,
414,213,346,4,4,5,4,4,4.20,,
415,394,225,4,4,4,4,4,4.00,,
416,30,132,5,4,3,3,4,3.80,,
417,400,99,4,4,4,3,4,3.80,,
418,172,30,4,4,4,3,4,3.80,,
419,253,25,3,3,3,4,3,3.20,,
420,109,91,3,3,3,4,3,3.20,,
421,392,177,3,3,3,3,3,3.00,,
422,179,286,5,5,5,5,4,4.80,,
423,308,1,5,4,5,4,4,4.40,,
424,366,246,5,5,5,3,4,4.40,,
425,148,79,4,4,4,4,4,4.00,,
426,96,9,4,4,3,4,4,3.80,,
427,446,80,4,3,3,3,4,3.40,,
428,422,398,3,3,4,4,3,3.40,,
429,295,148,3,3,3,3,3,3.00,,
430,94,273,3,3,3,3,3,3.00,,
431,122,390,5,5,5,5,4,4.80,,
432,287,278,5,5,5,5,4,4.80,,
433,354,282,5,4,5,4,4,4.40,,
434,268,220,5,5,5,3,4,4.40,,
435,380,229,5,5,4,4,4,4.40,,
436,201,322,5,5,5,5,4,4.80,,
437,214,214,5,5,5,4,4,4.60,,
438,369,407,5,5,5,3,4,4.40,,
439,310,375,4,5,5,4,4,4.40,,
440,269,343,5,4,4,3,4,4.00,,
441,119,230,4,3,3,3,4,3.40,,
442,229,327,5,5,5,4,4,4.60,,
443,87,80,5,4,4,3,4,4.00,,
444,497,407,4,4,4,4,4,4.00,,
445,251,170,5,5,5,4,4,4.60,,
446,390,35,5,5,4,5,4,4.60,,
447,326,307,5,5,4,4,4,4.40,,
448,111,82,4,4,3,5,4,4.00,,
449,134,183,5,5,5,5,4,4.80,,
450,397,89,5,5,5,5,4,4.80,,
451,281,274,4,4,4,5,4,4.20,,
452,367,49,3,3,4,4,3,3.40,,
453,164,335,3,3,3,3,3,3.00,,
454,336,51,5,5,5,5,4,4.80,,
455,152,208,5,5,5,5,4,4.80,,
456,245,393,5,5,5,4,4,4.60,,
457,24,258,5,5,5,4,4,4.60,,
458,20,65,5,5,5,3,4,4.40,,
459,174,188,5,5,5,3,4,4.40,,
460,144,101,5,5,5,3,4,4.40,,
461,374,95,5,5,5,3,4,4.40,,
462,184,130,5,5,5,5,4,4.80,,
463,433,120,5,3,5,5,4,4.40,,
464,294,53,3,3,3,5,4,3.60,,
465,209,6,3,3,3,4,3,3.20,,
466,422,107,5,5,5,4,4,4.60,,
467,202,347,4,5,4,4,4,4.20,,
468,159,317,4,5,4,3,4,4.00,,
469,113,253,3,3,3,3,3,3.00,,
470,360,206,5,5,5,5,4,4.80,,
471,74,101,5,5,5,5,4,4.80,,
472,270,398,5,4,5,5,4,4.60,,
473,256,124,5,5,5,4,4,4.60,,
474,365,127,5,5,5,4,4,4.60,,
475,480,222,4,4,5,4,4,4.20,,
476,467,128,5,4,4,4,4,4.20,,
477,244,67,4,4,4,4,4,4.00,,
478,170,345,3,3,3,4,3,3.20,,
479,90,122,5,5,5,5,4,4.80,,
480,106,60,5,5,5,5,4,4.80,,
481,401,307,5,5,5,4,4,4.60,,
482,17,318,4,4,4,5,4,4.20,,
483,66,59,4,4,4,5,4,4.20,,
484,125,385,5,5,5,4,4,4.60,,
485,34,92,5,4,4,5,4,4.40,,
486,287,133,4,4,4,3,4,3.80,,
487,356,382,3,3,3,4,3,3.20,,
488,406,49,5,5,5,5,4,4.80,,
489,9,372,5,5,5,4,4,4.60,,
490,260,92,5,5,5,4,4,4.60,,
491,496,289,5,5,5,4,4,4.60,,
492,9,87,4,4,5,5,4,4.40,,
493,489,65,4,4,4,5,4,4.20,,
494,12,391,3,3,3,3,3,3.00,,
495,411,55,5,4,5,5,4,4.60,,
496,249,406,4,5,5,4,4,4.40,,
497,111,288,4,4,3,3,4,3.60,,
498,367,259,5,5,5,5,4,4.80,,
499,466,251,5,5,5,4,4,4.60,,
500,136,135,5,5,4,5,4,4.60,,
501,27,168,4,5,5,4,4,4.40,,
502,280,20,4,5,5,4,4,4.40,,
503,56,65,5,5,4,4,4,4.40,,
504,397,247,3,3,3,3,3,3.00,,
505,455,62,5,5,5,4,4,4.60,,
506,500,298,5,5,5,3,4,4.40,,
507,196,330,4,5,4,4,4,4.20,,
508,129,212,4,4,4,3,4,3.80,,
509,256,234,5,5,5,5,4,4.80,,
510,371,16,5,5,5,5,4,4.80,,
511,240,294,4,5,4,3,4,4.00,,
512,372,168,5,4,3,4,4,4.00,,
513,2,284,4,5,3,3,4,3.80,,
514,491,14,3,3,3,3,3,3.00,,
515,279,215,5,5,5,5,4,4.80,,
516,16,20,5,5,5,5,4,4.80,,
517,162,372,4,5,4,5,4,4.40,,
518,136,37,4,5,3,5,4,4.20,,
519,404,286,5,4,3,4,4,4.00,,
520,270,208,5,4,4,3,4,4.00,,
521,258,384,5,3,3,3,4,3.60,,
522,57,181,3,3,3,5,4,3.60,,
523,228,241,3,3,3,4,3,3.20,,
524,99,76,5,5,5,5,4,4.80,,
525,260,207,5,5,5,5,4,4.80,,
526,292,83,5,5,5,5,4,4.80,,
527,495,409,5,5,5,5,4,4.80,,
528,55,146,5,5,5,5,4,4.80,,
529,480,191,5,5,5,4,4,4.60,,
530,270,355,5,5,5,4,4,4.60,,
531,492,32,5,4,5,4,4,4.40,,
532,162,55,5,5,5,3,4,4.40,,
533,227,268,4,4,5,5,4,4.40,,
534,195,335,5,4,4,4,4,4.20,,
535,109,360,5,4,4,3,4,4.00,,
536,173,116,4,4,4,3,4,3.80,,
537,310,275,4,4,4,3,4,3.80,,
538,391,147,3,3,3,4,3,3.20,,
539,288,255,5,5,5,5,4,4.80,,
540,91,387,5,5,5,5,4,4.80,,
541,147,40,5,5,5,4,4,4.60,,
542,301,410,5,5,5,4,4,4.60,,
543,145,79,5,5,5,4,4,4.60,,
544,260,116,4,4,4,5,4,4.20,,
545,79,210,4,3,5,4,4,4.00,,
546,393,227,4,4,4,4,4,4.00,,
547,23,88,4,3,4,4,4,3.80,,
548,346,10,4,4,4,3,4,3.80,,
549,55,92,3,3,3,4,3,3.20,,
550,142,67,5,5,5,5,4,4.80,,
551,436,30,3,5,5,5,4,4.40,,
552,470,294,5,4,4,4,4,4.20,,
553,155,238,3,4,4,5,4,4.00,,
554,494,301,3,4,4,5,4,4.00,,
555,128,268,5,4,3,4,4,4.00,,
556,378,231,4,5,3,3,4,3.80,,
557,445,175,3,4,4,4,3,3.60,,
558,318,160,5,5,5,5,4,4.80,,
559,110,15,5,5,5,5,4,4.80,,
560,211,215,5,5,5,5,4,4.80,,
561,123,334,5,5,5,4,4,4.60,,
562,450,33,5,4,4,5,4,4.40,,
563,136,152,4,5,5,4,4,4.40,,
564,70,110,5,5,5,3,4,4.40,,
565,306,127,5,5,5,3,4,4.40,,
566,147,63,4,4,4,4,4,4.00,,
567,336,118,5,4,3,4,4,4.00,,
568,3,22,4,4,4,4,4,4.00,,
569,252,319,4,4,4,4,4,4.00,,
570,76,328,4,4,4,4,4,4.00,,
571,364,371,5,4,3,3,4,3.80,,
572,459,216,3,3,3,3,3,3.00,,
573,34,399,5,5,5,5,4,4.80,,
574,457,111,5,5,4,5,4,4.60,,
575,345,328,4,5,5,5,4,4.60,,
576,84,273,4,4,5,5,4,4.40,,
577,415,407,5,5,5,3,4,4.40,,
578,262,293,5,5,5,3,4,4.40,,
579,101,337,5,4,4,4,4,4.20,,
580,130,57,5,4,4,4,4,4.20,,
581,338,295,5,4,4,4,4,4.20,,
582,115,166,4,4,4,4,4,4.00,,
583,380,66,4,3,4,5,4,4.00,,
584,315,128,4,4,4,3,4,3.80,,
585,410,86,5,5,5,5,4,4.80,,
586,169,365,5,5,5,5,4,4.80,,
587,293,80,5,5,5,5,4,4.80,,
588,444,407,5,5,5,4,4,4.60,,
589,219,342,5,5,5,4,4,4.60,,
590,74,280,5,5,5,4,4,4.60,,
591,457,55,4,4,5,5,4,4.40,,
592,91,130,5,5,4,4,4,4.40,,
593,428,209,4,5,4,5,4,4.40,,
594,179,391,5,4,5,3,4,4.20,,
595,494,70,5,5,4,3,4,4.20,,
596,310,316,5,4,4,4,4,4.20,,
597,498,362,5,4,4,4,4,4.20,,
598,470,105,5,4,5,3,4,4.20,,
599,164,322,4,4,4,4,4,4.00,,
600,332,279,4,4,4,4,4,4.00,,
601,74,288,4,4,4,4,4,4.00,,
602,357,392,4,4,4,3,4,3.80,,
603,245,279,4,4,4,3,4,3.80,,
604,24,366,4,4,3,3,4,3.60,,
605,214,214,3,4,4,4,3,3.60,,
606,269,158,3,3,3,5,4,3.60,,
607,184,213,4,3,4,3,4,3.60,,
608,148,253,3,3,3,4,3,3.20,,
609,111,352,3,3,3,4,3,3.20,,
610,387,277,3,3,3,3,3,3.00,,
611,24,410,3,3,3,3,3,3.00,,
612,109,35,3,3,3,3,3,3.00,,
613,408,402,4,4,4,5,4,4.20,,
614,443,135,4,4,5,4,4,4.20,,
615,385,252,4,4,5,3,4,4.00,,
616,45,197,3,3,3,3,3,3.00,,
617,152,22,5,5,5,5,4,4.80,,
618,464,268,5,5,5,4,4,4.60,,
619,264,363,5,5,5,4,4,4.60,,
620,482,169,5,5,4,4,4,4.40,,
621,355,175,5,5,4,3,4,4.20,,
622,335,12,5,5,5,5,4,4.80,,
623,64,208,5,5,5,5,4,4.80,,
624,397,331,4,4,4,4,4,4.00,,
625,312,154,4,4,4,4,4,4.00,,
626,394,270,5,5,5,5,4,4.80,,
627,88,239,5,5,4,5,4,4.60,,
628,102,151,5,5,5,4,4,4.60,,
629,218,49,5,5,5,4,4,4.60,,
630,151,283,5,5,5,3,4,4.40,,
631,11,159,5,4,5,4,4,4.40,,
632,137,109,5,5,4,4,4,4.40,,
633,460,365,5,4,5,3,4,4.20,,
634,461,361,5,4,4,4,4,4.20,,
635,268,289,4,5,5,3,4,4.20,,
636,425,22,5,5,4,3,4,4.20,,
637,345,275,4,4,4,5,4,4.20,,
638,362,154,4,4,4,4,4,4.00,,
639,49,61,4,4,4,4,4,4.00,,
640,171,318,3,4,4,5,4,4.00,,
641,416,125,4,5,3,4,4,4.00,,
642,105,135,4,4,3,4,4,3.80,,
643,166,113,4,4,3,4,4,3.80,,
644,416,326,4,3,4,4,4,3.80,,
645,302,250,4,4,3,3,4,3.60,,
646,71,160,3,3,3,5,4,3.60,,
647,158,262,3,3,3,4,3,3.20,,
648,322,390,3,3,3,3,3,3.00,,
649,386,181,3,3,3,3,3,3.00,,
650,134,407,5,5,5,5,4,4.80,,
651,142,388,5,5,5,3,4,4.40,,
652,443,294,5,5,4,4,4,4.40,,
653,304,292,5,5,4,4,4,4.40,,
654,277,88,5,5,3,4,4,4.20,,
655,411,111,5,4,4,4,4,4.20,,
656,148,321,4,4,4,4,4,4.00,,
657,103,357,4,4,4,4,4,4.00,,
658,386,354,4,4,4,3,4,3.80,,
659,93,62,3,3,4,4,3,3.40,,
660,194,79,3,3,3,3,3,3.00,,
661,52,51,3,3,3,3,3,3.00,,
662,490,41,4,4,4,4,4,4.00,,
663,297,93,3,3,3,5,4,3.60,,
664,320,372,3,3,3,4,3,3.20,,
665,398,391,3,3,3,3,3,3.00,,
666,500,236,5,5,5,4,4,4.60,,
667,408,190,5,5,5,4,4,4.60,,
668,180,110,5,5,5,4,4,4.60,,
669,456,41,5,5,5,3,4,4.40,,
670,422,122,4,5,4,5,4,4.40,,
671,160,200,4,5,4,4,4,4.20,,
672,238,196,5,4,5,3,4,4.20,,
673,477,318,5,4,3,4,4,4.00,,
674,292,221,4,4,4,4,4,4.00,,
675,469,194,4,4,3,5,4,4.00,,
676,425,259,5,4,4,3,4,4.00,,
677,359,246,4,4,4,3,4,3.80,,
678,243,374,4,4,4,3,4,3.80,,
679,304,399,3,4,4,4,3,3.60,,
680,456,231,3,3,3,4,3,3.20,,
681,283,256,3,3,3,3,3,3.00,,
682,406,175,3,3,3,3,3,3.00,,
683,439,151,5,5,5,5,4,4.80,,
684,311,210,5,5,5,5,4,4.80,,
685,299,215,5,5,5,5,4,4.80,,
686,252,202,5,5,5,5,4,4.80,,
687,282,401,4,5,5,5,4,4.60,,
688,475,41,5,4,5,4,4,4.40,,
689,453,19,5,5,5,3,4,4.40,,
690,83,153,5,5,5,3,4,4.40,,
691,388,61,5,4,5,3,4,4.20,,
692,70,289,4,4,4,5,4,4.20,,
693,142,329,4,5,4,3,4,4.00,,
694,261,116,4,4,4,4,4,4.00,,
695,76,235,4,5,4,3,4,4.00,,
696,315,412,4,4,4,4,4,4.00,,
697,445,335,5,3,3,4,4,3.80,,
698,76,153,4,4,3,3,4,3.60,,
699,445,203,3,4,3,3,3,3.20,,
700,319,170,3,3,3,4,3,3.20,,
701,89,344,3,3,3,3,3,3.00,,
702,187,403,3,3,3,3,3,3.00,,
703,41,19,5,5,5,3,4,4.40,,
704,2,136,5,5,5,3,4,4.40,,
705,497,21,4,5,5,3,4,4.20,,
706,20,40,4,4,5,3,4,4.00,,
707,68,203,3,5,3,4,4,3.80,,
708,301,124,4,4,4,3,4,3.80,,
709,427,392,4,3,3,3,4,3.40,,
710,335,128,3,3,3,4,3,3.20,,
711,346,137,3,3,4,3,3,3.20,,
712,68,349,4,5,5,5,4,4.60,,
713,432,356,4,4,3,5,4,4.00,,
714,391,309,5,4,4,3,4,4.00,,
715,370,142,4,4,4,4,4,4.00,,
716,209,357,5,5,5,5,4,4.80,,
717,355,38,5,5,5,5,4,4.80,,
718,197,355,5,5,5,5,4,4.80,,
719,294,277,5,5,5,4,4,4.60,,
720,441,71,5,4,5,5,4,4.60,,
721,141,165,5,4,4,4,4,4.20,,
722,176,165,5,4,5,3,4,4.20,,
723,379,258,4,5,5,3,4,4.20,,
724,484,38,4,4,4,4,4,4.00,,
725,259,62,5,5,3,3,4,4.00,,
726,452,371,4,4,4,4,4,4.00,,
727,12,58,3,3,3,4,3,3.20,,
728,493,4,3,3,3,3,3,3.00,,
729,279,27,5,5,5,5,4,4.80,,
730,16,312,5,5,4,5,4,4.60,,
731,179,99,5,4,4,4,4,4.20,,
732,499,26,4,5,4,4,4,4.20,,
733,486,225,4,5,4,4,4,4.20,,
734,17,178,4,5,4,4,4,4.20,,
735,185,415,5,5,4,3,4,4.20,,
736,226,177,5,4,4,4,4,4.20,,
737,179,13,4,3,3,5,4,3.80,,
738,205,98,3,3,3,5,4,3.60,,
739,159,74,3,3,3,3,3,3.00,,
740,317,311,5,5,5,5,4,4.80,,
741,377,41,5,5,5,4,4,4.60,,
742,387,344,5,5,5,3,4,4.40,,
743,405,263,4,4,4,5,4,4.20,,
744,473,232,4,4,4,4,4,4.00,,
745,330,32,4,4,4,4,4,4.00,,
746,57,95,4,5,4,3,4,4.00,,
747,317,305,4,4,4,3,4,3.80,,
748,14,33,3,3,3,4,3,3.20,,
749,309,42,3,3,3,3,3,3.00,,
750,163,313,5,5,5,5,4,4.80,,
751,238,14,5,5,5,4,4,4.60,,
752,196,250,4,5,5,5,4,4.60,,
753,389,345,4,4,5,4,4,4.20,,
754,477,294,3,4,3,3,3,3.20,,
755,163,76,3,3,3,3,3,3.00,,
756,53,214,5,5,5,5,4,4.80,,
757,263,14,4,3,5,5,4,4.20,,
758,3,296,5,4,4,4,4,4.20,,
759,57,383,3,3,3,5,4,3.60,,
760,66,120,3,3,3,3,3,3.00,,
761,439,374,5,5,5,5,4,4.80,,
762,342,175,5,5,5,4,4,4.60,,
763,493,409,5,5,5,4,4,4.60,,
764,235,234,4,5,4,4,4,4.20,,
765,252,75,5,4,4,3,4,4.00,,
766,286,125,3,3,3,5,4,3.60,,
767,83,214,4,3,3,4,4,3.60,,
768,2,346,3,4,3,3,3,3.20,,
769,204,60,5,5,5,4,4,4.60,,
770,492,294,4,5,5,5,4,4.60,,
771,24,161,5,5,5,4,4,4.60,,
772,283,220,5,5,3,5,4,4.40,,
773,334,268,5,4,4,5,4,4.40,,
774,238,253,5,5,3,5,4,4.40,,
775,85,140,5,4,5,4,4,4.40,,
776,236,294,4,5,4,5,4,4.40,,
777,170,316,5,3,5,4,4,4.20,,
778,84,18,4,4,5,3,4,4.00,,
779,1,350,4,4,3,4,4,3.80,,
780,1,406,4,4,4,3,4,3.80,,
781,51,9,4,4,3,3,4,3.60,,
782,454,302,3,3,3,3,3,3.00,,
783,366,38,5,5,5,5,4,4.80,,
784,451,20,5,5,5,5,4,4.80,,
785,38,97,5,5,5,5,4,4.80,,
786,217,362,5,5,5,5,4,4.80,,
787,493,164,5,5,5,5,4,4.80,,
788,471,289,5,5,5,4,4,4.60,,
789,284,354,4,5,5,5,4,4.60,,
790,464,268,5,5,4,5,4,4.60,,
791,258,234,5,5,5,4,4,4.60,,
792,347,367,5,5,5,3,4,4.40,,
793,325,83,5,5,5,3,4,4.40,,
794,33,246,4,4,4,5,4,4.20,,
795,397,369,4,4,4,5,4,4.20,,
796,477,239,5,4,4,4,4,4.20,,
797,391,124,5,3,5,3,4,4.00,,
798,216,416,5,4,4,3,4,4.00,,
799,178,126,5,4,3,3,4,3.80,,
800,56,383,4,4,4,3,4,3.80,,
801,455,200,3,3,3,5,4,3.60,,
802,213,178,3,4,4,4,3,3.60,,
803,119,265,3,3,3,4,3,3.20,,
804,372,411,3,3,3,4,3,3.20,,
805,199,389,3,3,3,3,3,3.00,,
806,420,18,3,3,3,3,3,3.00,,
807,90,276,3,3,3,3,3,3.00,,
808,23,102,5,5,5,4,4,4.60,,
809,371,385,5,5,5,4,4,4.60,,
810,409,34,5,5,3,4,4,4.20,,
811,12,369,5,4,4,4,4,4.20,,
812,45,81,4,4,4,3,4,3.80,,
813,18,109,3,3,3,4,3,3.20,,
814,82,265,3,3,3,3,3,3.00,,
815,225,46,3,3,3,3,3,3.00,,
816,426,15,5,5,5,4,4,4.60,,
817,430,325,5,4,5,4,4,4.40,,
818,90,251,4,4,4,5,4,4.20,,
819,472,1,4,4,4,5,4,4.20,,
820,340,416,4,5,4,4,4,4.20,,
821,349,223,4,4,4,4,4,4.00,,
822,200,242,5,4,4,3,4,4.00,,
823,242,208,3,3,4,4,3,3.40,,
824,242,52,3,3,3,3,3,3.00,,
825,358,356,3,3,3,3,3,3.00,,
826,250,37,5,5,5,5,4,4.80,,
827,298,207,5,5,5,4,4,4.60,,
828,150,345,5,5,5,4,4,4.60,,
829,314,413,5,5,5,4,4,4.60,,
830,44,21,5,5,5,4,4,4.60,,
831,67,66,5,5,5,4,4,4.60,,
832,285,319,3,3,3,4,3,3.20,,
833,51,281,5,5,5,5,4,4.80,,
834,360,35,5,5,5,4,4,4.60,,
835,451,20,5,5,5,4,4,4.60,,
836,150,132,4,5,5,4,4,4.40,,
837,127,134,5,5,4,4,4,4.40,,
838,319,340,5,5,5,3,4,4.40,,
839,375,351,4,4,5,4,4,4.20,,
840,361,125,4,3,5,5,4,4.20,,
841,57,36,4,4,5,4,4,4.20,,
842,394,313,5,4,4,4,4,4.20,,
843,148,170,4,5,4,3,4,4.00,,
844,417,376,4,4,4,4,4,4.00,,
845,196,53,4,4,3,4,4,3.80,,
846,381,142,3,4,3,3,3,3.20,,
847,377,291,3,3,3,3,3,3.00,,
848,409,402,5,5,5,5,4,4.80,,
849,62,222,4,4,5,5,4,4.40,,
850,405,322,5,5,4,4,4,4.40,,
851,319,47,4,5,5,4,4,4.40,,
852,122,219,5,5,3,4,4,4.20,,
853,178,202,4,3,5,5,4,4.20,,
854,405,326,5,3,5,4,4,4.20,,
855,254,97,4,5,4,3,4,4.00,,
856,306,340,4,4,4,4,4,4.00,,
857,160,10,5,4,4,3,4,4.00,,
858,307,99,4,4,4,4,4,4.00,,
859,297,387,3,5,5,3,4,4.00,,
860,218,176,5,4,3,3,4,3.80,,
861,494,215,4,4,4,3,4,3.80,,
862,30,332,4,3,3,3,4,3.40,,
863,58,202,3,3,3,3,3,3.00,,
864,14,380,3,3,3,3,3,3.00,,
865,491,323,3,3,3,3,3,3.00,,
866,402,157,5,5,5,5,4,4.80,,
867,117,274,5,5,4,5,4,4.60,,
868,442,406,5,5,5,3,4,4.40,,
869,429,103,5,3,5,5,4,4.40,,
870,84,85,5,4,4,4,4,4.20,,
871,130,43,5,4,4,4,4,4.20,,
872,214,361,5,4,3,5,4,4.20,,
873,164,33,4,5,4,3,4,4.00,,
874,15,69,3,5,5,3,4,4.00,,
875,224,169,5,5,5,5,4,4.80,,
876,429,95,5,5,5,5,4,4.80,,
877,179,347,5,5,5,5,4,4.80,,
878,383,314,5,5,5,4,4,4.60,,
879,339,175,4,5,5,5,4,4.60,,
880,303,108,5,5,5,4,4,4.60,,
881,259,73,4,4,5,5,4,4.40,,
882,284,188,5,5,4,4,4,4.40,,
883,198,263,4,5,5,4,4,4.40,,
884,71,102,5,4,5,4,4,4.40,,
885,492,414,4,4,4,5,4,4.20,,
886,100,158,4,3,5,5,4,4.20,,
887,128,245,4,4,4,4,4,4.00,,
888,330,384,4,4,4,4,4,4.00,,
889,45,256,4,3,5,4,4,4.00,,
890,73,414,4,4,3,4,4,3.80,,
891,111,156,4,4,4,3,4,3.80,,
892,440,99,4,3,4,3,4,3.60,,
893,13,297,3,3,3,5,4,3.60,,
894,311,170,3,3,3,3,3,3.00,,
895,497,144,3,3,3,3,3,3.00,,
896,128,146,3,3,3,3,3,3.00,,
897,188,20,5,5,5,5,4,4.80,,
898,337,286,5,5,5,5,4,4.80,,
899,28,148,5,5,5,5,4,4.80,,
900,331,269,5,5,4,5,4,4.60,,
901,498,362,5,5,5,4,4,4.60,,
902,205,350,5,5,4,4,4,4.40,,
903,52,65,5,5,5,3,4,4.40,,
904,251,90,5,4,4,5,4,4.40,,
905,376,273,5,5,3,5,4,4.40,,
906,234,276,4,5,4,4,4,4.20,,
907,93,389,4,5,4,4,4,4.20,,
908,7,344,4,5,4,4,4,4.20,,
909,264,352,5,4,4,4,4,4.20,,
910,496,20,4,4,4,4,4,4.00,,
911,405,219,4,4,5,3,4,4.00,,
912,58,75,4,3,4,3,4,3.60,,
913,142,168,3,3,4,4,3,3.40,,
914,16,84,3,3,4,4,3,3.40,,
915,443,237,3,3,3,3,3,3.00,,
916,35,211,3,3,3,3,3,3.00,,
917,154,240,3,3,3,3,3,3.00,,
918,266,377,5,5,5,5,4,4.80,,
919,131,46,5,4,5,5,4,4.60,,
920,368,130,5,4,5,4,4,4.40,,
921,168,402,4,5,4,5,4,4.40,,
922,297,30,5,4,5,3,4,4.20,,
923,74,338,4,4,4,4,4,4.00,,
924,383,337,3,3,3,4,3,3.20,,
925,374,57,3,3,3,3,3,3.00,,
926,258,196,5,5,5,5,4,4.80,,
927,308,140,5,5,5,5,4,4.80,,
928,167,265,5,5,4,5,4,4.60,,
929,350,34,5,5,5,4,4,4.60,,
930,421,272,4,4,4,5,4,4.20,,
931,465,66,4,4,4,5,4,4.20,,
932,274,272,4,4,4,4,4,4.00,,
933,147,237,3,4,4,5,4,4.00,,
934,89,312,4,4,4,4,4,4.00,,
935,350,119,3,5,3,4,4,3.80,,
936,416,147,4,4,3,4,4,3.80,,
937,143,117,4,4,3,3,4,3.60,,
938,199,122,4,4,3,3,4,3.60,,
939,155,39,3,3,3,4,3,3.20,,
940,111,111,3,3,3,4,3,3.20,,
941,413,84,3,3,3,3,3,3.00,,
942,59,408,3,3,3,3,3,3.00,,
943,138,311,5,5,5,5,4,4.80,,
944,244,376,5,5,5,4,4,4.60,,
945,175,384,5,5,5,4,4,4.60,,
946,236,416,5,5,3,5,4,4.40,,
947,73,101,4,4,4,5,4,4.20,,
948,258,282,4,4,4,4,4,4.00,,
949,222,403,3,3,3,5,4,3.60,,
950,166,7,3,3,3,3,3,3.00,,
951,395,288,3,3,3,3,3,3.00,,
952,389,14,5,4,5,5,4,4.60,,
953,54,222,5,4,5,5,4,4.60,,
954,441,414,5,4,5,5,4,4.60,,
955,288,49,5,5,5,3,4,4.40,,
956,327,117,5,5,5,3,4,4.40,,
957,71,184,5,4,4,5,4,4.40,,
958,279,21,5,4,4,4,4,4.20,,
959,420,127,4,4,4,4,4,4.00,,
960,120,99,4,4,4,4,4,4.00,,
961,360,312,4,4,4,4,4,4.00,,
962,74,259,4,3,4,4,4,3.80,,
963,176,401,3,3,3,3,3,3.00,,
964,469,47,4,5,5,5,4,4.60,,
965,339,387,4,3,4,5,4,4.00,,
966,403,40,4,3,4,5,4,4.00,,
967,204,281,4,4,4,3,4,3.80,,
968,484,243,4,3,4,4,4,3.80,,
969,460,141,3,4,3,5,4,3.80,,
970,429,291,4,4,4,3,4,3.80,,
971,237,287,3,4,4,3,3,3.40,,
972,297,14,3,3,4,3,3,3.20,,
973,443,148,3,3,3,3,3,3.00,,
974,410,209,3,3,3,3,3,3.00,,
975,491,321,3,3,3,3,3,3.00,,
976,217,374,5,5,5,5,4,4.80,,
977,406,18,5,5,4,4,4,4.40,,
978,261,23,4,4,4,5,4,4.20,,
979,392,285,4,4,4,4,4,4.00,,
980,161,106,4,4,4,3,4,3.80,,
981,71,250,3,4,3,3,3,3.20,,
982,365,363,3,3,3,3,3,3.00,,
983,90,208,3,3,3,3,3,3.00,,
984,57,59,5,5,5,4,4,4.60,,
985,272,10,5,5,5,3,4,4.40,,
986,355,375,5,5,5,3,4,4.40,,
987,378,163,4,3,4,4,4,3.80,,
988,120,163,3,3,3,5,4,3.60,,
989,435,313,4,3,3,3,4,3.40,,
990,476,91,4,3,3,3,4,3.40,,
991,415,309,3,3,3,4,3,3.20,,
992,292,324,3,4,3,3,3,3.20,,
993,80,315,5,5,5,5,4,4.80,,
994,302,7,4,5,5,5,4,4.60,,
995,204,409,5,5,5,4,4,4.60,,
996,191,337,5,4,4,3,4,4.00,,
997,184,385,4,4,4,4,4,4.00,,
998,97,61,4,5,4,3,4,4.00,,
999,149,330,4,4,4,4,4,4.00,,
1000,261,397,3,3,3,3,3,3.00,,
1001,331,159,5,5,5,4,4,4.60,,
1002,135,135,5,4,4,4,4,4.20,,
1003,35,113,4,5,3,3,4,3.80,,
1004,168,4,4,4,4,3,4,3.80,,
1005,51,116,5,5,5,5,4,4.80,,
1006,90,148,5,5,5,4,4,4.60,,
1007,360,399,5,5,4,4,4,4.40,,
1008,252,359,4,4,5,5,4,4.40,,
1009,120,66,5,5,5,5,4,4.80,,
1010,427,123,5,5,5,5,4,4.80,,
1011,380,244,5,5,5,4,4,4.60,,
1012,386,125,5,5,5,4,4,4.60,,
1013,405,309,5,5,4,4,4,4.40,,
1014,480,18,5,5,4,4,4,4.40,,
1015,401,35,5,5,5,3,4,4.40,,
1016,88,78,4,5,4,5,4,4.40,,
1017,287,279,5,5,5,3,4,4.40,,
1018,18,400,4,4,5,4,4,4.20,,
1019,432,301,5,4,4,4,4,4.20,,
1020,5,17,5,4,3,4,4,4.00,,
1021,43,168,3,4,4,4,3,3.60,,
1022,11,236,5,5,5,5,4,4.80,,
1023,439,90,5,5,5,5,4,4.80,,
1024,226,278,5,5,5,4,4,4.60,,
1025,160,241,5,5,4,3,4,4.20,,
1026,94,171,4,5,5,3,4,4.20,,
1027,394,380,5,5,3,4,4,4.20,,
1028,313,388,4,5,5,3,4,4.20,,
1029,196,198,4,4,4,5,4,4.20,,
1030,404,394,4,5,4,3,4,4.00,,
1031,138,214,4,4,4,4,4,4.00,,
1032,73,374,4,4,3,5,4,4.00,,
1033,68,102,4,4,3,3,4,3.60,,
1034,431,28,3,3,3,3,3,3.00,,
1035,464,93,5,5,5,5,4,4.80,,
1036,110,399,5,5,5,5,4,4.80,,
1037,203,133,5,5,5,5,4,4.80,,
1038,112,358,4,5,5,5,4,4.60,,
1039,480,395,5,5,5,3,4,4.40,,
1040,328,308,4,4,5,5,4,4.40,,
1041,424,371,4,4,4,5,4,4.20,,
1042,394,56,5,5,3,4,4,4.20,,
1043,33,412,5,4,4,4,4,4.20,,
1044,182,155,4,5,4,4,4,4.20,,
1045,281,22,4,4,4,4,4,4.00,,
1046,269,238,5,4,3,4,4,4.00,,
1047,260,53,3,3,3,5,4,3.60,,
1048,8,136,3,3,3,5,4,3.60,,
1049,246,86,4,3,3,3,4,3.40,,
1050,246,290,3,3,3,4,3,3.20,,
1051,149,299,3,3,3,3,3,3.00,,
1052,290,40,5,5,5,5,4,4.80,,
1053,257,31,5,4,5,4,4,4.40,,
1054,252,9,4,4,4,5,4,4.20,,
1055,407,21,4,4,3,3,4,3.60,,
1056,203,366,3,4,4,4,3,3.60,,
1057,160,284,3,3,3,3,3,3.00,,
1058,332,16,5,5,5,5,4,4.80,,
1059,137,370,5,5,5,5,4,4.80,,
1060,10,79,5,5,4,4,4,4.40,,
1061,171,321,4,5,5,4,4,4.40,,
1062,490,116,4,5,4,4,4,4.20,,
1063,410,186,4,4,4,5,4,4.20,,
1064,236,313,5,4,4,3,4,4.00,,
1065,6,8,3,5,4,4,4,4.00,,
1066,335,166,4,4,4,3,4,3.80,,
1067,414,168,4,4,3,4,4,3.80,,
1068,278,154,3,3,5,4,4,3.80,,
1069,7,363,5,5,5,4,4,4.60,,
1070,259,219,5,5,5,3,4,4.40,,
1071,264,249,5,5,5,3,4,4.40,,
1072,241,272,3,4,3,5,4,3.80,,
1073,491,36,3,3,3,5,4,3.60,,
1074,4,165,4,3,3,3,4,3.40,,
1075,330,71,3,3,3,3,3,3.00,,
1076,132,205,3,3,3,3,3,3.00,,
1077,406,35,3,3,3,3,3,3.00,,
1078,281,366,5,5,5,5,4,4.80,,
1079,440,267,5,5,5,5,4,4.80,,
1080,172,27,5,5,5,5,4,4.80,,
1081,207,280,5,5,5,5,4,4.80,,
1082,271,102,5,5,5,5,4,4.80,,
1083,361,192,5,5,5,4,4,4.60,,
1084,291,208,5,5,5,4,4,4.60,,
1085,466,224,5,5,5,4,4,4.60,,
1086,8,169,5,5,5,4,4,4.60,,
1087,81,320,5,4,5,5,4,4.60,,
1088,129,93,5,5,3,5,4,4.40,,
1089,483,241,5,5,5,3,4,4.40,,
1090,23,10,5,5,5,3,4,4.40,,
1091,466,343,5,5,5,3,4,4.40,,
1092,477,410,5,5,4,4,4,4.40,,
1093,70,290,5,5,4,4,4,4.40,,
1094,450,2,5,4,5,4,4,4.40,,
1095,82,396,4,4,4,5,4,4.20,,
1096,326,249,5,4,4,4,4,4.20,,
1097,254,91,4,5,4,4,4,4.20,,
1098,263,373,4,5,4,4,4,4.20,,
1099,471,411,4,5,3,4,4,4.00,,
1100,42,78,4,4,4,4,4,4.00,,
1101,268,330,4,5,4,3,4,4.00,,
1102,170,365,4,5,4,3,4,4.00,,
1103,287,11,4,5,4,3,4,4.00,,
1104,286,219,4,5,3,3,4,3.80,,
1105,381,164,4,4,4,3,4,3.80,,
1106,69,408,4,4,4,3,4,3.80,,
1107,382,83,4,4,4,3,4,3.80,,
1108,119,16,3,4,4,4,3,3.60,,
1109,449,141,3,3,3,3,3,3.00,,
1110,108,313,3,3,3,3,3,3.00,,
1111,447,313,3,3,3,3,3,3.00,,
1112,336,265,3,3,3,3,3,3.00,,
1113,339,218,3,3,3,3,3,3.00,,
1114,134,32,4,4,5,5,4,4.40,,
1115,339,94,4,5,4,5,4,4.40,,
1116,285,212,4,4,4,5,4,4.20,,
1117,131,189,4,3,5,5,4,4.20,,
1118,162,31,5,3,4,5,4,4.20,,
1119,415,94,4,4,4,4,4,4.00,,
1120,12,62,4,4,3,5,4,4.00,,
1121,22,272,3,3,3,5,4,3.60,,
1122,51,89,3,3,3,4,3,3.20,,
1123,109,284,3,3,3,4,3,3.20,,
1124,400,121,5,5,5,4,4,4.60,,
1125,264,96,4,5,3,5,4,4.20,,
1126,29,358,4,4,5,4,4,4.20,,
1127,274,281,4,3,4,5,4,4.00,,
1128,85,143,4,4,4,4,4,4.00,,
1129,218,92,3,4,3,4,3,3.40,,
1130,204,194,5,5,5,3,4,4.40,,
1131,374,239,4,5,4,4,4,4.20,,
1132,337,102,4,4,5,3,4,4.00,,
1133,172,216,4,5,4,3,4,4.00,,
1134,187,37,4,5,3,3,4,3.80,,
1135,446,253,3,4,3,3,3,3.20,,
1136,383,387,3,3,3,3,3,3.00,,
1137,11,336,5,5,5,5,4,4.80,,
1138,104,349,5,5,5,5,4,4.80,,
1139,19,107,5,5,5,4,4,4.60,,
1140,230,413,5,5,5,4,4,4.60,,
1141,433,37,5,5,5,4,4,4.60,,
1142,159,263,4,4,4,4,4,4.00,,
1143,86,357,4,4,4,3,4,3.80,,
1144,408,14,3,3,3,4,3,3.20,,
1145,320,237,3,3,3,3,3,3.00,,
1146,118,81,3,3,3,3,3,3.00,,
1147,175,67,5,5,5,4,4,4.60,,
1148,398,166,5,5,4,5,4,4.60,,
1149,335,15,5,5,5,3,4,4.40,,
1150,155,17,4,5,5,3,4,4.20,,
1151,343,268,4,4,4,4,4,4.00,,
1152,418,181,4,4,4,3,4,3.80,,
1153,275,12,4,4,3,4,4,3.80,,
1154,75,111,4,3,4,4,4,3.80,,
1155,253,331,5,4,3,3,4,3.80,,
1156,303,301,3,4,4,3,3,3.40,,
1157,28,277,3,3,3,3,3,3.00,,
1158,72,354,5,5,4,4,4,4.40,,
1159,159,183,4,5,4,5,4,4.40,,
1160,334,343,4,4,4,4,4,4.00,,
1161,58,239,3,3,3,3,3,3.00,,